{
  "index.html": 1718274768315,
  "controller/App.controller.js": 1718274768315,
  "model/models.js": 1718274768315,
  "controller/User.controller.js": 1718279606271,
  "controller/Home.controller.js": 1718605010352,
  "controller/Details.controller.js": 1718626610642,
  "controller/BaseController.js": 1718274768315,
  "manifest.json": 1719075612294,
  "controller/AllBooks.controller.js": 1718554445357,
  "Component.js": 1718274768315,
  "Component-preload.js": 1719075612749,
  "controller/App-dbg.controller.js": 1718274768315,
  "controller/User-dbg.controller.js": 1718279606271,
  "controller/Home-dbg.controller.js": 1718605010352,
  "controller/Details-dbg.controller.js": 1718626610642,
  "controller/BaseController-dbg.js": 1718274768315,
  "model/models-dbg.js": 1718274768315,
  "controller/AllBooks-dbg.controller.js": 1718554445357,
  "Component-dbg.js": 1718274768315,
  "view/User.view.xml": 1718781197578,
  "view/Home.view.xml": 1718855147467,
  "view/Details.view.xml": 1718725980645,
  "view/App.view.xml": 1718274768315,
  "view/AllBooks.view.xml": 1718771308017,
  "fragments/Update.fragment.xml": 1718274768315,
  "fragments/SignUp.fragment.xml": 1718274768315,
  "fragments/ReservedBooks.fragment.xml": 1718274768315,
  "fragments/Notification.fragment.xml": 1718554541717,
  "fragments/Login.fragment.xml": 1718554500885,
  "fragments/IssueBook.fragment.xml": 1718625803411,
  "fragments/AddBooks.fragment.xml": 1718274768315,
  "fragments/ActiveLoans.fragment.xml": 1718274768315,
  "css/style.css": 1718946021276,
  "i18n/i18n.properties": 1718274768315
}